,Country,Reserves,Share
0,Australia,1684100.0,0.28
1,Kazakhstan,815200.0,0.13
2,Canada,588500.0,0.1
3,Russia,480900.0,0.08
4,Namibia,470100.0,0.08
5,South Africa,320900.0,0.05
6,Niger,311100.0,0.05
7,Brazil,276800.0,0.05
8,China,223900.0,0.04
9,Mongolia,144600.0,0.02
10,Uzbekistan,131200.0,0.02
11,Ukraine,107200.0,0.02
12,Botswana,87200.0,0.01
13,USA,59400.0,0.01
14,Tanzania,58200.0,0.01
15,Jordan,52500.0,0.01
